query,runtime_s,requests,answers,timeout_reached,client,dataset,benchmark
F11,1.0985050201416016,149,0,False,crop,WatDiv,WatDiv
F11,1.0967249870300293,202,0,False,nlde,WatDiv,WatDiv
F12,1.0901739597320557,249,9,False,crop,WatDiv,WatDiv
F12,3.9966788291931152,868,9,False,nlde,WatDiv,WatDiv
F13,1.0598900318145752,247,5,False,crop,WatDiv,WatDiv
F13,3.5101640224456787,810,5,False,nlde,WatDiv,WatDiv
F14,1.122020959854126,247,4,False,crop,WatDiv,WatDiv
F14,3.578817844390869,822,4,False,nlde,WatDiv,WatDiv
F15,1.123931884765625,249,9,False,crop,WatDiv,WatDiv
F15,3.9715898036956787,868,9,False,nlde,WatDiv,WatDiv
F21,0.6619679927825928,63,0,False,crop,WatDiv,WatDiv
F21,0.8779501914978027,140,0,False,nlde,WatDiv,WatDiv
F22,0.9269421100616455,75,0,False,crop,WatDiv,WatDiv
F22,0.8801419734954834,145,0,False,nlde,WatDiv,WatDiv
F23,1.0029330253601074,237,7,False,crop,WatDiv,WatDiv
F23,0.9828770160675049,237,7,False,nlde,WatDiv,WatDiv
F24,0.9308829307556152,202,8,False,crop,WatDiv,WatDiv
F24,0.8653841018676758,202,8,False,nlde,WatDiv,WatDiv
F25,0.9598648548126221,237,7,False,crop,WatDiv,WatDiv
F25,0.8979339599609375,237,7,False,nlde,WatDiv,WatDiv
F31,1.140089988708496,169,26,False,crop,WatDiv,WatDiv
F31,18.015437841415405,1989,26,False,nlde,WatDiv,WatDiv
F32,0.4760439395904541,85,5,False,crop,WatDiv,WatDiv
F32,18.242419004440308,2012,5,False,nlde,WatDiv,WatDiv
F33,1.1212031841278076,169,26,False,crop,WatDiv,WatDiv
F33,18.05627703666687,1989,26,False,nlde,WatDiv,WatDiv
F34,0.4548029899597168,85,5,False,crop,WatDiv,WatDiv
F34,18.16842007637024,2012,5,False,nlde,WatDiv,WatDiv
F35,0.4984419345855713,100,5,False,crop,WatDiv,WatDiv
F35,17.9287109375,2024,5,False,nlde,WatDiv,WatDiv
F41,0.9789068698883057,244,20,False,crop,WatDiv,WatDiv
F41,0.8208901882171631,255,20,False,nlde,WatDiv,WatDiv
F42,0.9528441429138184,225,44,False,crop,WatDiv,WatDiv
F42,0.8450548648834229,226,44,False,nlde,WatDiv,WatDiv
F43,0.9725780487060547,234,4,False,crop,WatDiv,WatDiv
F43,0.8082737922668457,254,4,False,nlde,WatDiv,WatDiv
F44,0.939288854598999,225,44,False,crop,WatDiv,WatDiv
F44,0.8104259967803955,226,44,False,nlde,WatDiv,WatDiv
F45,0.9015309810638428,234,4,False,crop,WatDiv,WatDiv
F45,0.8738000392913818,254,4,False,nlde,WatDiv,WatDiv
F51,0.5961668491363525,168,25,False,crop,WatDiv,WatDiv
F51,39.4781551361084,1731,25,False,nlde,WatDiv,WatDiv
F52,0.641746997833252,168,25,False,crop,WatDiv,WatDiv
F52,39.241050004959106,1731,25,False,nlde,WatDiv,WatDiv
F53,0.9507579803466797,265,38,False,crop,WatDiv,WatDiv
F53,39.17796301841736,1800,38,False,nlde,WatDiv,WatDiv
F54,1.2359778881072998,387,58,False,crop,WatDiv,WatDiv
F54,39.49787783622742,1882,58,False,nlde,WatDiv,WatDiv
F55,0.6658051013946533,168,25,False,crop,WatDiv,WatDiv
F55,39.47006702423096,1731,25,False,nlde,WatDiv,WatDiv
L11,0.5318968296051025,82,2,False,crop,WatDiv,WatDiv
L11,0.37340497970581055,82,2,False,nlde,WatDiv,WatDiv
L12,0.3284189701080322,35,0,False,crop,WatDiv,WatDiv
L12,0.3861989974975586,35,0,False,nlde,WatDiv,WatDiv
L13,0.5257680416107178,82,2,False,crop,WatDiv,WatDiv
L13,0.5682718753814697,82,2,False,nlde,WatDiv,WatDiv
L14,0.37681102752685547,35,0,False,crop,WatDiv,WatDiv
L14,0.3503100872039795,35,0,False,nlde,WatDiv,WatDiv
L15,0.42320704460144043,46,1,False,crop,WatDiv,WatDiv
L15,0.430387020111084,46,1,False,nlde,WatDiv,WatDiv
L21,0.5319149494171143,50,15,False,crop,WatDiv,WatDiv
L21,3.088346004486084,252,15,False,nlde,WatDiv,WatDiv
L22,0.5257101058959961,50,15,False,crop,WatDiv,WatDiv
L22,3.0310258865356445,252,15,False,nlde,WatDiv,WatDiv
L23,0.5803589820861816,61,48,False,crop,WatDiv,WatDiv
L23,15.307478189468384,1338,48,False,nlde,WatDiv,WatDiv
L24,0.5294649600982666,61,48,False,crop,WatDiv,WatDiv
L24,15.92074704170227,1338,48,False,nlde,WatDiv,WatDiv
L25,1.593358039855957,100,236,False,crop,WatDiv,WatDiv
L25,64.07108092308044,5343,236,False,nlde,WatDiv,WatDiv
L31,0.4301879405975342,38,38,False,crop,WatDiv,WatDiv
L31,0.502967119216919,38,38,False,nlde,WatDiv,WatDiv
L32,0.28964996337890625,22,41,False,crop,WatDiv,WatDiv
L32,0.29542016983032227,22,41,False,nlde,WatDiv,WatDiv
L33,0.41309618949890137,30,21,False,crop,WatDiv,WatDiv
L33,0.3943800926208496,30,21,False,nlde,WatDiv,WatDiv
L34,0.4418911933898926,33,27,False,crop,WatDiv,WatDiv
L34,0.40656304359436035,33,27,False,nlde,WatDiv,WatDiv
L35,0.27811312675476074,22,41,False,crop,WatDiv,WatDiv
L35,0.30273008346557617,22,41,False,nlde,WatDiv,WatDiv
L41,0.3635680675506592,33,54,False,crop,WatDiv,WatDiv
L41,0.3433949947357178,33,54,False,nlde,WatDiv,WatDiv
L42,0.46071720123291016,34,60,False,crop,WatDiv,WatDiv
L42,0.342134952545166,34,60,False,nlde,WatDiv,WatDiv
L43,0.3886868953704834,33,47,False,crop,WatDiv,WatDiv
L43,0.3477318286895752,33,47,False,nlde,WatDiv,WatDiv
L44,0.34917712211608887,33,57,False,crop,WatDiv,WatDiv
L44,0.3344910144805908,33,57,False,nlde,WatDiv,WatDiv
L45,0.3577089309692383,33,47,False,crop,WatDiv,WatDiv
L45,0.3321268558502197,33,47,False,nlde,WatDiv,WatDiv
L51,1.4549169540405273,105,239,False,crop,WatDiv,WatDiv
L51,60.91129398345947,5343,239,False,nlde,WatDiv,WatDiv
L52,0.7599639892578125,63,66,False,crop,WatDiv,WatDiv
L52,12.314765930175781,1081,66,False,nlde,WatDiv,WatDiv
L53,1.5561790466308594,105,239,False,crop,WatDiv,WatDiv
L53,59.9254469871521,5343,239,False,nlde,WatDiv,WatDiv
L54,0.6731069087982178,63,66,False,crop,WatDiv,WatDiv
L54,12.543694972991943,1081,66,False,nlde,WatDiv,WatDiv
L55,0.6810081005096436,70,76,False,crop,WatDiv,WatDiv
L55,20.428040981292725,1814,76,False,nlde,WatDiv,WatDiv
S11,1.5133039951324463,217,19,False,crop,WatDiv,WatDiv
S11,1.3606388568878174,217,19,False,nlde,WatDiv,WatDiv
S12,0.9917988777160645,116,9,False,crop,WatDiv,WatDiv
S12,0.8341400623321533,116,9,False,nlde,WatDiv,WatDiv
S13,1.2940659523010254,162,9,False,crop,WatDiv,WatDiv
S13,1.2020258903503418,162,9,False,nlde,WatDiv,WatDiv
S14,0.9733450412750244,116,9,False,crop,WatDiv,WatDiv
S14,0.9239280223846436,116,9,False,nlde,WatDiv,WatDiv
S15,1.4426920413970947,162,9,False,crop,WatDiv,WatDiv
S15,1.274144172668457,162,9,False,nlde,WatDiv,WatDiv
S21,2.413703203201294,475,11,False,crop,WatDiv,WatDiv
S21,12.066419839859009,1224,11,False,nlde,WatDiv,WatDiv
S22,3.8175292015075684,546,14,False,crop,WatDiv,WatDiv
S22,12.148203134536743,1225,14,False,nlde,WatDiv,WatDiv
S23,2.434911012649536,292,12,False,crop,WatDiv,WatDiv
S23,12.094242095947266,1224,12,False,nlde,WatDiv,WatDiv
S24,2.328130006790161,335,17,False,crop,WatDiv,WatDiv
S24,12.389341115951538,1224,17,False,nlde,WatDiv,WatDiv
S25,2.215456962585449,475,11,False,crop,WatDiv,WatDiv
S25,12.168776988983154,1224,11,False,nlde,WatDiv,WatDiv
S31,0.438356876373291,61,0,False,crop,WatDiv,WatDiv
S31,0.4054849147796631,61,0,False,nlde,WatDiv,WatDiv
S32,0.4255540370941162,60,0,False,crop,WatDiv,WatDiv
S32,0.3881218433380127,60,0,False,nlde,WatDiv,WatDiv
S33,1.0272479057312012,198,320,False,crop,WatDiv,WatDiv
S33,1.0350730419158936,198,320,False,nlde,WatDiv,WatDiv
S34,0.43656301498413086,61,0,False,crop,WatDiv,WatDiv
S34,0.41429996490478516,61,0,False,nlde,WatDiv,WatDiv
S35,0.46387410163879395,61,0,False,crop,WatDiv,WatDiv
S35,0.3979020118713379,61,0,False,nlde,WatDiv,WatDiv
S41,0.5101308822631836,56,0,False,crop,WatDiv,WatDiv
S41,0.4144120216369629,56,0,False,nlde,WatDiv,WatDiv
S42,1.0323598384857178,127,4,False,crop,WatDiv,WatDiv
S42,0.5279269218444824,62,4,False,nlde,WatDiv,WatDiv
S43,0.5193929672241211,80,1,False,crop,WatDiv,WatDiv
S43,0.5208530426025391,80,1,False,nlde,WatDiv,WatDiv
S44,1.0080299377441406,125,1,False,crop,WatDiv,WatDiv
S44,0.5463550090789795,60,1,False,nlde,WatDiv,WatDiv
S45,0.5118780136108398,79,0,False,crop,WatDiv,WatDiv
S45,0.5103590488433838,79,0,False,nlde,WatDiv,WatDiv
S51,1.017953872680664,112,0,False,crop,WatDiv,WatDiv
S51,0.31270790100097656,36,0,False,nlde,WatDiv,WatDiv
S52,1.0226950645446777,126,9,False,crop,WatDiv,WatDiv
S52,0.4602971076965332,101,9,False,nlde,WatDiv,WatDiv
S53,1.0223538875579834,112,0,False,crop,WatDiv,WatDiv
S53,0.3081800937652588,36,0,False,nlde,WatDiv,WatDiv
S54,0.9739179611206055,126,9,False,crop,WatDiv,WatDiv
S54,0.4160189628601074,101,9,False,nlde,WatDiv,WatDiv
S55,1.012498140335083,126,9,False,crop,WatDiv,WatDiv
S55,0.42716288566589355,101,9,False,nlde,WatDiv,WatDiv
S61,0.1638960838317871,10,1,False,crop,WatDiv,WatDiv
S61,0.1526789665222168,10,1,False,nlde,WatDiv,WatDiv
S62,0.14058995246887207,10,1,False,crop,WatDiv,WatDiv
S62,0.1424400806427002,10,1,False,nlde,WatDiv,WatDiv
S63,0.15121197700500488,11,2,False,crop,WatDiv,WatDiv
S63,0.14097094535827637,11,2,False,nlde,WatDiv,WatDiv
S64,0.14756202697753906,10,1,False,crop,WatDiv,WatDiv
S64,0.15511107444763184,10,1,False,nlde,WatDiv,WatDiv
S65,0.13986492156982422,11,2,False,crop,WatDiv,WatDiv
S65,0.10316801071166992,11,2,False,nlde,WatDiv,WatDiv
S71,0.19742703437805176,19,5,False,crop,WatDiv,WatDiv
S71,0.22461581230163574,19,5,False,nlde,WatDiv,WatDiv
S72,0.23227906227111816,18,2,False,crop,WatDiv,WatDiv
S72,0.24814510345458984,18,2,False,nlde,WatDiv,WatDiv
S73,0.18489694595336914,8,1,False,crop,WatDiv,WatDiv
S73,0.15792012214660645,8,1,False,nlde,WatDiv,WatDiv
S74,0.3401169776916504,40,13,False,crop,WatDiv,WatDiv
S74,0.320950984954834,40,13,False,nlde,WatDiv,WatDiv
S75,0.32569313049316406,30,7,False,crop,WatDiv,WatDiv
S75,0.3035428524017334,30,7,False,nlde,WatDiv,WatDiv
XC11,7.998136043548584,2363,20,False,crop,WatDiv,WatDiv
XC11,49.102038860321045,2585,20,False,nlde,WatDiv,WatDiv
XC21,50.62547492980957,14123,2,False,crop,WatDiv,WatDiv
XC21,24.07538390159607,3516,2,False,nlde,WatDiv,WatDiv
XC31,58.674941062927246,5807,417029,False,crop,WatDiv,WatDiv
XC31,59.799432039260864,13177,417029,False,nlde,WatDiv,WatDiv
F11,1.0156450271606445,149,0,False,crop,WatDiv,WatDiv
F11,1.0360450744628906,202,0,False,nlde,WatDiv,WatDiv
F12,1.0959641933441162,249,9,False,crop,WatDiv,WatDiv
F12,3.9148049354553223,868,9,False,nlde,WatDiv,WatDiv
F13,1.1052179336547852,247,5,False,crop,WatDiv,WatDiv
F13,3.5600569248199463,810,5,False,nlde,WatDiv,WatDiv
F14,1.1501891613006592,247,4,False,crop,WatDiv,WatDiv
F14,3.6295909881591797,822,4,False,nlde,WatDiv,WatDiv
F15,1.0417931079864502,249,9,False,crop,WatDiv,WatDiv
F15,3.881838083267212,868,9,False,nlde,WatDiv,WatDiv
F21,0.8594150543212891,63,0,False,crop,WatDiv,WatDiv
F21,0.9665331840515137,140,0,False,nlde,WatDiv,WatDiv
F22,0.8628220558166504,75,0,False,crop,WatDiv,WatDiv
F22,0.9655849933624268,145,0,False,nlde,WatDiv,WatDiv
F23,1.0463719367980957,237,7,False,crop,WatDiv,WatDiv
F23,0.8873851299285889,237,7,False,nlde,WatDiv,WatDiv
F24,1.0823960304260254,202,8,False,crop,WatDiv,WatDiv
F24,0.9095821380615234,202,8,False,nlde,WatDiv,WatDiv
F25,0.9978430271148682,237,7,False,crop,WatDiv,WatDiv
F25,1.1027960777282715,237,7,False,nlde,WatDiv,WatDiv
F31,1.188749074935913,169,26,False,crop,WatDiv,WatDiv
F31,17.89497709274292,1989,26,False,nlde,WatDiv,WatDiv
F32,0.4948000907897949,85,5,False,crop,WatDiv,WatDiv
F32,18.167605876922607,2012,5,False,nlde,WatDiv,WatDiv
F33,1.3734550476074219,169,26,False,crop,WatDiv,WatDiv
F33,17.943421125411987,1989,26,False,nlde,WatDiv,WatDiv
F34,0.5178608894348145,85,5,False,crop,WatDiv,WatDiv
F34,18.14065980911255,2012,5,False,nlde,WatDiv,WatDiv
F35,0.4653339385986328,100,5,False,crop,WatDiv,WatDiv
F35,18.160927057266235,2024,5,False,nlde,WatDiv,WatDiv
F41,0.8768310546875,244,20,False,crop,WatDiv,WatDiv
F41,0.8352940082550049,255,20,False,nlde,WatDiv,WatDiv
F42,0.9260590076446533,225,44,False,crop,WatDiv,WatDiv
F42,0.8372559547424316,226,44,False,nlde,WatDiv,WatDiv
F43,0.926954984664917,234,4,False,crop,WatDiv,WatDiv
F43,0.815748929977417,254,4,False,nlde,WatDiv,WatDiv
F44,0.8310098648071289,225,44,False,crop,WatDiv,WatDiv
F44,0.8130769729614258,226,44,False,nlde,WatDiv,WatDiv
F45,0.9898579120635986,234,4,False,crop,WatDiv,WatDiv
F45,0.8199660778045654,254,4,False,nlde,WatDiv,WatDiv
F51,0.6810150146484375,168,25,False,crop,WatDiv,WatDiv
F51,40.332818031311035,1731,25,False,nlde,WatDiv,WatDiv
F52,0.6615920066833496,168,25,False,crop,WatDiv,WatDiv
F52,39.825088024139404,1731,25,False,nlde,WatDiv,WatDiv
F53,0.9060420989990234,265,38,False,crop,WatDiv,WatDiv
F53,38.89996600151062,1800,38,False,nlde,WatDiv,WatDiv
F54,1.196347951889038,387,58,False,crop,WatDiv,WatDiv
F54,39.58875298500061,1882,58,False,nlde,WatDiv,WatDiv
F55,0.6279928684234619,168,25,False,crop,WatDiv,WatDiv
F55,39.40694808959961,1731,25,False,nlde,WatDiv,WatDiv
L11,0.5399858951568604,82,2,False,crop,WatDiv,WatDiv
L11,0.5139617919921875,82,2,False,nlde,WatDiv,WatDiv
L12,0.3408639430999756,35,0,False,crop,WatDiv,WatDiv
L12,0.34676313400268555,35,0,False,nlde,WatDiv,WatDiv
L13,0.5321810245513916,82,2,False,crop,WatDiv,WatDiv
L13,0.49391698837280273,82,2,False,nlde,WatDiv,WatDiv
L14,0.3534541130065918,35,0,False,crop,WatDiv,WatDiv
L14,0.36620306968688965,35,0,False,nlde,WatDiv,WatDiv
L15,0.40178394317626953,46,1,False,crop,WatDiv,WatDiv
L15,0.3984849452972412,46,1,False,nlde,WatDiv,WatDiv
L21,0.5086269378662109,50,15,False,crop,WatDiv,WatDiv
L21,2.895819902420044,252,15,False,nlde,WatDiv,WatDiv
L22,0.5865728855133057,50,15,False,crop,WatDiv,WatDiv
L22,2.895385980606079,252,15,False,nlde,WatDiv,WatDiv
L23,0.5834908485412598,61,48,False,crop,WatDiv,WatDiv
L23,15.162782907485962,1338,48,False,nlde,WatDiv,WatDiv
L24,0.49813389778137207,61,48,False,crop,WatDiv,WatDiv
L24,15.558182954788208,1338,48,False,nlde,WatDiv,WatDiv
L25,1.395927906036377,100,236,False,crop,WatDiv,WatDiv
L25,63.81733202934265,5343,236,False,nlde,WatDiv,WatDiv
L31,0.43370890617370605,38,38,False,crop,WatDiv,WatDiv
L31,0.44519996643066406,38,38,False,nlde,WatDiv,WatDiv
L32,0.30421900749206543,22,41,False,crop,WatDiv,WatDiv
L32,0.32023096084594727,22,41,False,nlde,WatDiv,WatDiv
L33,0.3884110450744629,30,21,False,crop,WatDiv,WatDiv
L33,0.4063529968261719,30,21,False,nlde,WatDiv,WatDiv
L34,0.45320796966552734,33,27,False,crop,WatDiv,WatDiv
L34,0.37546205520629883,33,27,False,nlde,WatDiv,WatDiv
L35,0.3021879196166992,22,41,False,crop,WatDiv,WatDiv
L35,0.30261802673339844,22,41,False,nlde,WatDiv,WatDiv
L41,0.3397080898284912,33,54,False,crop,WatDiv,WatDiv
L41,0.32026100158691406,33,54,False,nlde,WatDiv,WatDiv
L42,0.3820359706878662,34,60,False,crop,WatDiv,WatDiv
L42,0.419374942779541,34,60,False,nlde,WatDiv,WatDiv
L43,0.40200209617614746,33,47,False,crop,WatDiv,WatDiv
L43,0.36803603172302246,33,47,False,nlde,WatDiv,WatDiv
L44,0.3419780731201172,33,57,False,crop,WatDiv,WatDiv
L44,0.3400290012359619,33,57,False,nlde,WatDiv,WatDiv
L45,0.3484220504760742,33,47,False,crop,WatDiv,WatDiv
L45,0.339353084564209,33,47,False,nlde,WatDiv,WatDiv
L51,1.4735519886016846,105,239,False,crop,WatDiv,WatDiv
L51,59.95233917236328,5343,239,False,nlde,WatDiv,WatDiv
L52,0.6176981925964355,63,66,False,crop,WatDiv,WatDiv
L52,12.398625135421753,1081,66,False,nlde,WatDiv,WatDiv
L53,1.4237570762634277,105,239,False,crop,WatDiv,WatDiv
L53,60.76826000213623,5343,239,False,nlde,WatDiv,WatDiv
L54,0.6332378387451172,63,66,False,crop,WatDiv,WatDiv
L54,12.375190019607544,1081,66,False,nlde,WatDiv,WatDiv
L55,0.6277580261230469,70,76,False,crop,WatDiv,WatDiv
L55,20.11967706680298,1814,76,False,nlde,WatDiv,WatDiv
S11,1.3220820426940918,217,19,False,crop,WatDiv,WatDiv
S11,1.2523200511932373,217,19,False,nlde,WatDiv,WatDiv
S12,0.9925429821014404,116,9,False,crop,WatDiv,WatDiv
S12,0.8793141841888428,116,9,False,nlde,WatDiv,WatDiv
S13,1.3941400051116943,162,9,False,crop,WatDiv,WatDiv
S13,1.2420940399169922,162,9,False,nlde,WatDiv,WatDiv
S14,0.9689218997955322,116,9,False,crop,WatDiv,WatDiv
S14,0.8436489105224609,116,9,False,nlde,WatDiv,WatDiv
S15,1.3202311992645264,162,9,False,crop,WatDiv,WatDiv
S15,1.2318179607391357,162,9,False,nlde,WatDiv,WatDiv
S21,2.187088966369629,475,11,False,crop,WatDiv,WatDiv
S21,12.039054870605469,1224,11,False,nlde,WatDiv,WatDiv
S22,4.067424058914185,546,14,False,crop,WatDiv,WatDiv
S22,12.026071071624756,1225,14,False,nlde,WatDiv,WatDiv
S23,2.4369149208068848,292,12,False,crop,WatDiv,WatDiv
S23,11.991961002349854,1224,12,False,nlde,WatDiv,WatDiv
S24,2.28433895111084,335,17,False,crop,WatDiv,WatDiv
S24,12.054413080215454,1224,17,False,nlde,WatDiv,WatDiv
S25,2.132704019546509,475,11,False,crop,WatDiv,WatDiv
S25,11.984436988830566,1224,11,False,nlde,WatDiv,WatDiv
S31,0.46782493591308594,61,0,False,crop,WatDiv,WatDiv
S31,0.40553998947143555,61,0,False,nlde,WatDiv,WatDiv
S32,0.4416968822479248,60,0,False,crop,WatDiv,WatDiv
S32,0.39221906661987305,60,0,False,nlde,WatDiv,WatDiv
S33,1.0717110633850098,198,320,False,crop,WatDiv,WatDiv
S33,1.0222649574279785,198,320,False,nlde,WatDiv,WatDiv
S34,0.4208791255950928,61,0,False,crop,WatDiv,WatDiv
S34,0.42395591735839844,61,0,False,nlde,WatDiv,WatDiv
S35,0.3884000778198242,61,0,False,crop,WatDiv,WatDiv
S35,0.4221360683441162,61,0,False,nlde,WatDiv,WatDiv
S41,0.44922304153442383,56,0,False,crop,WatDiv,WatDiv
S41,0.41521406173706055,56,0,False,nlde,WatDiv,WatDiv
S42,0.9854531288146973,127,4,False,crop,WatDiv,WatDiv
S42,0.5228140354156494,62,4,False,nlde,WatDiv,WatDiv
S43,0.512563943862915,80,1,False,crop,WatDiv,WatDiv
S43,0.48646092414855957,80,1,False,nlde,WatDiv,WatDiv
S44,1.006558895111084,125,1,False,crop,WatDiv,WatDiv
S44,0.5197219848632812,60,1,False,nlde,WatDiv,WatDiv
S45,0.5399069786071777,79,0,False,crop,WatDiv,WatDiv
S45,0.47550392150878906,79,0,False,nlde,WatDiv,WatDiv
S51,1.047978162765503,112,0,False,crop,WatDiv,WatDiv
S51,0.27761292457580566,36,0,False,nlde,WatDiv,WatDiv
S52,1.0590250492095947,126,9,False,crop,WatDiv,WatDiv
S52,0.42520594596862793,101,9,False,nlde,WatDiv,WatDiv
S53,1.0324230194091797,112,0,False,crop,WatDiv,WatDiv
S53,0.32289695739746094,36,0,False,nlde,WatDiv,WatDiv
S54,1.048846960067749,126,9,False,crop,WatDiv,WatDiv
S54,0.4447770118713379,101,9,False,nlde,WatDiv,WatDiv
S55,1.0806851387023926,126,9,False,crop,WatDiv,WatDiv
S55,0.4546499252319336,101,9,False,nlde,WatDiv,WatDiv
S61,0.1641981601715088,10,1,False,crop,WatDiv,WatDiv
S61,0.15795683860778809,10,1,False,nlde,WatDiv,WatDiv
S62,0.17526507377624512,10,1,False,crop,WatDiv,WatDiv
S62,0.16307592391967773,10,1,False,nlde,WatDiv,WatDiv
S63,0.15419793128967285,11,2,False,crop,WatDiv,WatDiv
S63,0.15708398818969727,11,2,False,nlde,WatDiv,WatDiv
S64,0.170820951461792,10,1,False,crop,WatDiv,WatDiv
S64,0.11476707458496094,10,1,False,nlde,WatDiv,WatDiv
S65,0.16942381858825684,11,2,False,crop,WatDiv,WatDiv
S65,0.15985679626464844,11,2,False,nlde,WatDiv,WatDiv
S71,0.17749309539794922,19,5,False,crop,WatDiv,WatDiv
S71,0.20717692375183105,19,5,False,nlde,WatDiv,WatDiv
S72,0.24592089653015137,18,2,False,crop,WatDiv,WatDiv
S72,0.22892498970031738,18,2,False,nlde,WatDiv,WatDiv
S73,0.12856101989746094,8,1,False,crop,WatDiv,WatDiv
S73,0.1405658721923828,8,1,False,nlde,WatDiv,WatDiv
S74,0.365123987197876,40,13,False,crop,WatDiv,WatDiv
S74,0.31464600563049316,40,13,False,nlde,WatDiv,WatDiv
S75,0.2540898323059082,30,7,False,crop,WatDiv,WatDiv
S75,0.31848597526550293,30,7,False,nlde,WatDiv,WatDiv
XC11,8.020986080169678,2363,20,False,crop,WatDiv,WatDiv
XC11,49.07982897758484,2585,20,False,nlde,WatDiv,WatDiv
XC21,50.54398488998413,14123,2,False,crop,WatDiv,WatDiv
XC21,23.80272102355957,3516,2,False,nlde,WatDiv,WatDiv
XC31,57.71501612663269,5807,417029,False,crop,WatDiv,WatDiv
XC31,59.95013189315796,13177,417029,False,nlde,WatDiv,WatDiv
F11,1.0365021228790283,149,0,False,crop,WatDiv,WatDiv
F11,1.01157808303833,202,0,False,nlde,WatDiv,WatDiv
F12,1.0873241424560547,249,9,False,crop,WatDiv,WatDiv
F12,3.950078010559082,868,9,False,nlde,WatDiv,WatDiv
F13,1.1120870113372803,247,5,False,crop,WatDiv,WatDiv
F13,3.5124471187591553,810,5,False,nlde,WatDiv,WatDiv
F14,1.0890531539916992,247,4,False,crop,WatDiv,WatDiv
F14,3.6210310459136963,822,4,False,nlde,WatDiv,WatDiv
F15,1.0702471733093262,249,9,False,crop,WatDiv,WatDiv
F15,3.8724238872528076,868,9,False,nlde,WatDiv,WatDiv
F21,0.8357388973236084,63,0,False,crop,WatDiv,WatDiv
F21,0.8797290325164795,140,0,False,nlde,WatDiv,WatDiv
F22,0.8699610233306885,75,0,False,crop,WatDiv,WatDiv
F22,0.8909518718719482,145,0,False,nlde,WatDiv,WatDiv
F23,1.0067760944366455,237,7,False,crop,WatDiv,WatDiv
F23,0.9941480159759521,237,7,False,nlde,WatDiv,WatDiv
F24,0.9129650592803955,202,8,False,crop,WatDiv,WatDiv
F24,0.9115159511566162,202,8,False,nlde,WatDiv,WatDiv
F25,1.0494599342346191,237,7,False,crop,WatDiv,WatDiv
F25,0.9482929706573486,237,7,False,nlde,WatDiv,WatDiv
F31,1.1392128467559814,169,26,False,crop,WatDiv,WatDiv
F31,18.17931890487671,1989,26,False,nlde,WatDiv,WatDiv
F32,0.4326770305633545,85,5,False,crop,WatDiv,WatDiv
F32,18.063172101974487,2012,5,False,nlde,WatDiv,WatDiv
F33,1.1701650619506836,169,26,False,crop,WatDiv,WatDiv
F33,18.073512077331543,1989,26,False,nlde,WatDiv,WatDiv
F34,0.42324399948120117,85,5,False,crop,WatDiv,WatDiv
F34,18.03161883354187,2012,5,False,nlde,WatDiv,WatDiv
F35,0.5144519805908203,100,5,False,crop,WatDiv,WatDiv
F35,18.13633108139038,2024,5,False,nlde,WatDiv,WatDiv
F41,0.9080228805541992,244,20,False,crop,WatDiv,WatDiv
F41,0.8407731056213379,255,20,False,nlde,WatDiv,WatDiv
F42,0.9932658672332764,225,44,False,crop,WatDiv,WatDiv
F42,0.8085169792175293,226,44,False,nlde,WatDiv,WatDiv
F43,0.8883209228515625,234,4,False,crop,WatDiv,WatDiv
F43,0.8007569313049316,254,4,False,nlde,WatDiv,WatDiv
F44,0.883530855178833,225,44,False,crop,WatDiv,WatDiv
F44,0.8404569625854492,226,44,False,nlde,WatDiv,WatDiv
F45,0.8891489505767822,234,4,False,crop,WatDiv,WatDiv
F45,0.8208050727844238,254,4,False,nlde,WatDiv,WatDiv
F51,0.6423358917236328,168,25,False,crop,WatDiv,WatDiv
F51,40.975902795791626,1731,25,False,nlde,WatDiv,WatDiv
F52,0.6355478763580322,168,25,False,crop,WatDiv,WatDiv
F52,39.88676905632019,1731,25,False,nlde,WatDiv,WatDiv
F53,0.9390890598297119,265,38,False,crop,WatDiv,WatDiv
F53,39.474817991256714,1800,38,False,nlde,WatDiv,WatDiv
F54,1.1834709644317627,387,58,False,crop,WatDiv,WatDiv
F54,39.45322799682617,1882,58,False,nlde,WatDiv,WatDiv
F55,0.6595921516418457,168,25,False,crop,WatDiv,WatDiv
F55,38.92862296104431,1731,25,False,nlde,WatDiv,WatDiv
L11,0.5411641597747803,82,2,False,crop,WatDiv,WatDiv
L11,0.5229818820953369,82,2,False,nlde,WatDiv,WatDiv
L12,0.3727848529815674,35,0,False,crop,WatDiv,WatDiv
L12,0.3424868583679199,35,0,False,nlde,WatDiv,WatDiv
L13,0.5515971183776855,82,2,False,crop,WatDiv,WatDiv
L13,0.4746389389038086,82,2,False,nlde,WatDiv,WatDiv
L14,0.3545799255371094,35,0,False,crop,WatDiv,WatDiv
L14,0.3361930847167969,35,0,False,nlde,WatDiv,WatDiv
L15,0.4005911350250244,46,1,False,crop,WatDiv,WatDiv
L15,0.2508211135864258,46,1,False,nlde,WatDiv,WatDiv
L21,0.5064468383789062,50,15,False,crop,WatDiv,WatDiv
L21,2.8316779136657715,252,15,False,nlde,WatDiv,WatDiv
L22,0.49866580963134766,50,15,False,crop,WatDiv,WatDiv
L22,2.999412775039673,252,15,False,nlde,WatDiv,WatDiv
L23,0.5350499153137207,61,48,False,crop,WatDiv,WatDiv
L23,15.88650107383728,1338,48,False,nlde,WatDiv,WatDiv
L24,0.5304830074310303,61,48,False,crop,WatDiv,WatDiv
L24,15.194707870483398,1338,48,False,nlde,WatDiv,WatDiv
L25,1.4352869987487793,100,236,False,crop,WatDiv,WatDiv
L25,63.61917996406555,5343,236,False,nlde,WatDiv,WatDiv
L31,0.4767298698425293,38,38,False,crop,WatDiv,WatDiv
L31,0.3862009048461914,38,38,False,nlde,WatDiv,WatDiv
L32,0.31175899505615234,22,41,False,crop,WatDiv,WatDiv
L32,0.3226470947265625,22,41,False,nlde,WatDiv,WatDiv
L33,0.35614681243896484,30,21,False,crop,WatDiv,WatDiv
L33,0.40802001953125,30,21,False,nlde,WatDiv,WatDiv
L34,0.43369603157043457,33,27,False,crop,WatDiv,WatDiv
L34,0.3503410816192627,33,27,False,nlde,WatDiv,WatDiv
L35,0.24512386322021484,22,41,False,crop,WatDiv,WatDiv
L35,0.2938530445098877,22,41,False,nlde,WatDiv,WatDiv
L41,0.38373494148254395,33,54,False,crop,WatDiv,WatDiv
L41,0.38582897186279297,33,54,False,nlde,WatDiv,WatDiv
L42,0.348848819732666,34,60,False,crop,WatDiv,WatDiv
L42,0.3325510025024414,34,60,False,nlde,WatDiv,WatDiv
L43,0.3833301067352295,33,47,False,crop,WatDiv,WatDiv
L43,0.4100780487060547,33,47,False,nlde,WatDiv,WatDiv
L44,0.3708930015563965,33,57,False,crop,WatDiv,WatDiv
L44,0.3417069911956787,33,57,False,nlde,WatDiv,WatDiv
L45,0.3263568878173828,33,47,False,crop,WatDiv,WatDiv
L45,0.3972299098968506,33,47,False,nlde,WatDiv,WatDiv
L51,1.464493989944458,105,239,False,crop,WatDiv,WatDiv
L51,61.05575489997864,5343,239,False,nlde,WatDiv,WatDiv
L52,0.6367559432983398,63,66,False,crop,WatDiv,WatDiv
L52,11.61844515800476,1081,66,False,nlde,WatDiv,WatDiv
L53,1.5100700855255127,105,239,False,crop,WatDiv,WatDiv
L53,60.370282888412476,5343,239,False,nlde,WatDiv,WatDiv
L54,0.6500899791717529,63,66,False,crop,WatDiv,WatDiv
L54,12.06317400932312,1081,66,False,nlde,WatDiv,WatDiv
L55,0.7181389331817627,70,76,False,crop,WatDiv,WatDiv
L55,20.476566076278687,1814,76,False,nlde,WatDiv,WatDiv
S11,1.4643051624298096,217,19,False,crop,WatDiv,WatDiv
S11,1.2621190547943115,217,19,False,nlde,WatDiv,WatDiv
S12,0.9460060596466064,116,9,False,crop,WatDiv,WatDiv
S12,0.8087220191955566,116,9,False,nlde,WatDiv,WatDiv
S13,1.3237669467926025,162,9,False,crop,WatDiv,WatDiv
S13,1.2152957916259766,162,9,False,nlde,WatDiv,WatDiv
S14,1.0102269649505615,116,9,False,crop,WatDiv,WatDiv
S14,0.8628110885620117,116,9,False,nlde,WatDiv,WatDiv
S15,1.3500440120697021,162,9,False,crop,WatDiv,WatDiv
S15,1.2779390811920166,162,9,False,nlde,WatDiv,WatDiv
S21,2.2740299701690674,475,11,False,crop,WatDiv,WatDiv
S21,12.023507833480835,1224,11,False,nlde,WatDiv,WatDiv
S22,3.752711057662964,546,14,False,crop,WatDiv,WatDiv
S22,12.174525022506714,1225,14,False,nlde,WatDiv,WatDiv
S23,2.5155229568481445,292,12,False,crop,WatDiv,WatDiv
S23,12.237344980239868,1224,12,False,nlde,WatDiv,WatDiv
S24,2.3649911880493164,335,17,False,crop,WatDiv,WatDiv
S24,11.888231992721558,1224,17,False,nlde,WatDiv,WatDiv
S25,2.1395249366760254,475,11,False,crop,WatDiv,WatDiv
S25,11.963808059692383,1224,11,False,nlde,WatDiv,WatDiv
S31,0.4274570941925049,61,0,False,crop,WatDiv,WatDiv
S31,0.43666505813598633,61,0,False,nlde,WatDiv,WatDiv
S32,0.4080159664154053,60,0,False,crop,WatDiv,WatDiv
S32,0.4151899814605713,60,0,False,nlde,WatDiv,WatDiv
S33,1.058366060256958,198,320,False,crop,WatDiv,WatDiv
S33,1.0441279411315918,198,320,False,nlde,WatDiv,WatDiv
S34,0.4143788814544678,61,0,False,crop,WatDiv,WatDiv
S34,0.39897704124450684,61,0,False,nlde,WatDiv,WatDiv
S35,0.48366498947143555,61,0,False,crop,WatDiv,WatDiv
S35,0.41781187057495117,61,0,False,nlde,WatDiv,WatDiv
S41,0.4500548839569092,56,0,False,crop,WatDiv,WatDiv
S41,0.3892171382904053,56,0,False,nlde,WatDiv,WatDiv
S42,0.975459098815918,127,4,False,crop,WatDiv,WatDiv
S42,0.530419111251831,62,4,False,nlde,WatDiv,WatDiv
S43,0.5504660606384277,80,1,False,crop,WatDiv,WatDiv
S43,0.49688220024108887,80,1,False,nlde,WatDiv,WatDiv
S44,1.0185978412628174,125,1,False,crop,WatDiv,WatDiv
S44,0.5067908763885498,60,1,False,nlde,WatDiv,WatDiv
S45,0.5486319065093994,79,0,False,crop,WatDiv,WatDiv
S45,0.5208408832550049,79,0,False,nlde,WatDiv,WatDiv
S51,1.0340049266815186,112,0,False,crop,WatDiv,WatDiv
S51,0.25143003463745117,36,0,False,nlde,WatDiv,WatDiv
S52,1.1111891269683838,126,9,False,crop,WatDiv,WatDiv
S52,0.42694902420043945,101,9,False,nlde,WatDiv,WatDiv
S53,1.0302808284759521,112,0,False,crop,WatDiv,WatDiv
S53,0.27368807792663574,36,0,False,nlde,WatDiv,WatDiv
S54,1.0316951274871826,126,9,False,crop,WatDiv,WatDiv
S54,0.41471099853515625,101,9,False,nlde,WatDiv,WatDiv
S55,1.1127939224243164,126,9,False,crop,WatDiv,WatDiv
S55,0.44956493377685547,101,9,False,nlde,WatDiv,WatDiv
S61,0.16359496116638184,10,1,False,crop,WatDiv,WatDiv
S61,0.1613302230834961,10,1,False,nlde,WatDiv,WatDiv
S62,0.15559697151184082,10,1,False,crop,WatDiv,WatDiv
S62,0.18554902076721191,10,1,False,nlde,WatDiv,WatDiv
S63,0.1828320026397705,11,2,False,crop,WatDiv,WatDiv
S63,0.12168598175048828,11,2,False,nlde,WatDiv,WatDiv
S64,0.16111207008361816,10,1,False,crop,WatDiv,WatDiv
S64,0.10674595832824707,10,1,False,nlde,WatDiv,WatDiv
S65,0.1386399269104004,11,2,False,crop,WatDiv,WatDiv
S65,0.16396403312683105,11,2,False,nlde,WatDiv,WatDiv
S71,0.18558716773986816,19,5,False,crop,WatDiv,WatDiv
S71,0.18693184852600098,19,5,False,nlde,WatDiv,WatDiv
S72,0.23236894607543945,18,2,False,crop,WatDiv,WatDiv
S72,0.23766493797302246,18,2,False,nlde,WatDiv,WatDiv
S73,0.14479589462280273,8,1,False,crop,WatDiv,WatDiv
S73,0.15633583068847656,8,1,False,nlde,WatDiv,WatDiv
S74,0.2951979637145996,40,13,False,crop,WatDiv,WatDiv
S74,0.2863619327545166,40,13,False,nlde,WatDiv,WatDiv
S75,0.24259209632873535,30,7,False,crop,WatDiv,WatDiv
S75,0.30349183082580566,30,7,False,nlde,WatDiv,WatDiv
XC11,8.064749956130981,2363,20,False,crop,WatDiv,WatDiv
XC11,48.77195906639099,2585,20,False,nlde,WatDiv,WatDiv
XC21,50.40484094619751,14123,2,False,crop,WatDiv,WatDiv
XC21,23.645111083984375,3516,2,False,nlde,WatDiv,WatDiv
XC31,59.126550912857056,5807,417029,False,crop,WatDiv,WatDiv
XC31,58.72886300086975,13177,417029,False,nlde,WatDiv,WatDiv
HIQ1,0.3488171100616455,20,2,False,crop,nLDE BM2,nLDE BM2
HIQ1,0.2176799774169922,22,2,False,nlde,nLDE BM2,nLDE BM2
HIQ2,0.32921409606933594,36,2,False,crop,nLDE BM2,nLDE BM2
HIQ2,0.2555680274963379,46,2,False,nlde,nLDE BM2,nLDE BM2
HIQ3,0.39006996154785156,45,4,False,crop,nLDE BM2,nLDE BM2
HIQ3,0.24919390678405762,65,4,False,nlde,nLDE BM2,nLDE BM2
HIQ4,1.849001169204712,469,170,False,crop,nLDE BM2,nLDE BM2
HIQ4,1.7936360836029053,469,170,False,nlde,nLDE BM2,nLDE BM2
HIQ5,0.6433451175689697,193,138,False,crop,nLDE BM2,nLDE BM2
HIQ5,0.6371588706970215,209,138,False,nlde,nLDE BM2,nLDE BM2
LSQ1,0.42438197135925293,43,4,False,crop,nLDE BM2,nLDE BM2
LSQ1,0.42128896713256836,32,4,False,nlde,nLDE BM2,nLDE BM2
LSQ2,0.43151187896728516,52,6,False,crop,nLDE BM2,nLDE BM2
LSQ2,0.35398006439208984,52,6,False,nlde,nLDE BM2,nLDE BM2
LSQ3,0.35457682609558105,36,7,False,crop,nLDE BM2,nLDE BM2
LSQ3,0.6778450012207031,88,7,False,nlde,nLDE BM2,nLDE BM2
LSQ4,0.5851550102233887,53,8,False,crop,nLDE BM2,nLDE BM2
LSQ4,0.32624101638793945,28,8,False,nlde,nLDE BM2,nLDE BM2
LSQ5,0.664154052734375,117,270,False,crop,nLDE BM2,nLDE BM2
LSQ5,0.6837320327758789,117,270,False,nlde,nLDE BM2,nLDE BM2
MOQ1,8.848190069198608,2095,15,False,crop,nLDE BM2,nLDE BM2
MOQ1,26.940155029296875,1881,15,False,nlde,nLDE BM2,nLDE BM2
MOQ2,0.604107141494751,127,46,False,crop,nLDE BM2,nLDE BM2
MOQ2,0.5688409805297852,138,46,False,nlde,nLDE BM2,nLDE BM2
MOQ3,0.4089081287384033,110,49,False,crop,nLDE BM2,nLDE BM2
MOQ3,0.4040548801422119,110,49,False,nlde,nLDE BM2,nLDE BM2
MOQ4,0.4137911796569824,110,56,False,crop,nLDE BM2,nLDE BM2
MOQ4,0.3773050308227539,110,56,False,nlde,nLDE BM2,nLDE BM2
MOQ5,0.4568510055541992,110,87,False,crop,nLDE BM2,nLDE BM2
MOQ5,0.4270601272583008,110,87,False,nlde,nLDE BM2,nLDE BM2
MUQ1,0.5472378730773926,64,7,False,crop,nLDE BM2,nLDE BM2
MUQ1,0.5726439952850342,64,7,False,nlde,nLDE BM2,nLDE BM2
MUQ2,0.7066869735717773,69,63,False,crop,nLDE BM2,nLDE BM2
MUQ2,0.6265268325805664,72,63,False,nlde,nLDE BM2,nLDE BM2
MUQ3,1.0750420093536377,169,68,False,crop,nLDE BM2,nLDE BM2
MUQ3,1.0494318008422852,169,68,False,nlde,nLDE BM2,nLDE BM2
MUQ4,1.1213099956512451,235,114,False,crop,nLDE BM2,nLDE BM2
MUQ4,1.1887178421020508,273,114,False,nlde,nLDE BM2,nLDE BM2
MUQ5,23.250518083572388,5070,1768,False,crop,nLDE BM2,nLDE BM2
MUQ5,22.704159021377563,2765,1768,False,nlde,nLDE BM2,nLDE BM2
Q01,0.27350592613220215,33,2,False,crop,nLDE BM1,nLDE BM1
Q01,0.43349790573120117,71,2,False,nlde,nLDE BM1,nLDE BM1
Q02,3.477012872695923,324,8,False,crop,nLDE BM1,nLDE BM1
Q02,0.4483940601348877,69,8,False,nlde,nLDE BM1,nLDE BM1
Q03,0.892247200012207,257,18,False,crop,nLDE BM1,nLDE BM1
Q03,0.8198652267456055,198,18,False,nlde,nLDE BM1,nLDE BM1
Q04,0.47553086280822754,119,54,False,crop,nLDE BM1,nLDE BM1
Q04,0.7568728923797607,148,54,False,nlde,nLDE BM1,nLDE BM1
Q05,163.85418510437012,7327,1091,False,crop,nLDE BM1,nLDE BM1
Q05,600.0,19406,185,True,nlde,nLDE BM1,nLDE BM1
Q06,1.8271660804748535,440,188,False,crop,nLDE BM1,nLDE BM1
Q06,4.050818204879761,915,188,False,nlde,nLDE BM1,nLDE BM1
Q07,1.9376130104064941,358,251,False,crop,nLDE BM1,nLDE BM1
Q07,0.9170880317687988,375,251,False,nlde,nLDE BM1,nLDE BM1
Q08,23.701431035995483,8465,17807,False,crop,nLDE BM1,nLDE BM1
Q08,600.0,51688,645,True,nlde,nLDE BM1,nLDE BM1
Q09,1.675023078918457,239,5223,False,crop,nLDE BM1,nLDE BM1
Q09,0.8992440700531006,170,5223,False,nlde,nLDE BM1,nLDE BM1
Q10,19.95114302635193,4209,9040,False,crop,nLDE BM1,nLDE BM1
Q10,21.4699969291687,2940,9040,False,nlde,nLDE BM1,nLDE BM1
Q11,421.03595089912415,73725,9481,False,crop,nLDE BM1,nLDE BM1
Q11,600.0,30224,4908,True,nlde,nLDE BM1,nLDE BM1
Q12,14.414752960205078,1067,11002,False,crop,nLDE BM1,nLDE BM1
Q12,14.394279956817627,2411,11002,False,nlde,nLDE BM1,nLDE BM1
Q13,600.0,55100,6935,True,crop,nLDE BM1,nLDE BM1
Q13,170.15995287895203,7182,24325,False,nlde,nLDE BM1,nLDE BM1
Q14,56.446868896484375,13476,26570,False,crop,nLDE BM1,nLDE BM1
Q14,175.8974838256836,33520,26570,False,nlde,nLDE BM1,nLDE BM1
Q15,24.92169499397278,1017,26757,False,crop,nLDE BM1,nLDE BM1
Q15,14.058897972106934,1017,26757,False,nlde,nLDE BM1,nLDE BM1
Q16,600.0,16889,16584,True,crop,nLDE BM1,nLDE BM1
Q16,600.0,5472,29322,True,nlde,nLDE BM1,nLDE BM1
Q17,15.04935097694397,1693,33485,False,crop,nLDE BM1,nLDE BM1
Q17,10.237108945846558,361,33485,False,nlde,nLDE BM1,nLDE BM1
Q18,600.0,5472,4244377,True,crop,nLDE BM1,nLDE BM1
Q18,600.0,8368,6370036,True,nlde,nLDE BM1,nLDE BM1
Q19,11.916062831878662,2048,64,False,crop,nLDE BM1,nLDE BM1
Q19,49.1491858959198,1753,64,False,nlde,nLDE BM1,nLDE BM1
Q20,12.153311014175415,2254,1688,False,crop,nLDE BM1,nLDE BM1
Q20,48.35643815994263,1959,1688,False,nlde,nLDE BM1,nLDE BM1
SPQ1,0.12903499603271484,9,4,False,crop,nLDE BM2,nLDE BM2
SPQ1,0.1521008014678955,9,4,False,nlde,nLDE BM2,nLDE BM2
SPQ2,0.3991968631744385,65,12,False,crop,nLDE BM2,nLDE BM2
SPQ2,0.37688302993774414,88,12,False,nlde,nLDE BM2,nLDE BM2
SPQ3,0.3207399845123291,50,14,False,crop,nLDE BM2,nLDE BM2
SPQ3,0.33981895446777344,50,14,False,nlde,nLDE BM2,nLDE BM2
SPQ4,0.16015982627868652,11,19,False,crop,nLDE BM2,nLDE BM2
SPQ4,0.23625802993774414,27,19,False,nlde,nLDE BM2,nLDE BM2
SPQ5,0.2987360954284668,26,36,False,crop,nLDE BM2,nLDE BM2
SPQ5,0.4000060558319092,50,36,False,nlde,nLDE BM2,nLDE BM2
HIQ1,0.2715771198272705,20,2,False,crop,nLDE BM2,nLDE BM2
HIQ1,0.20722007751464844,22,2,False,nlde,nLDE BM2,nLDE BM2
HIQ2,0.3367929458618164,36,2,False,crop,nLDE BM2,nLDE BM2
HIQ2,0.2600579261779785,46,2,False,nlde,nLDE BM2,nLDE BM2
HIQ3,0.4184448719024658,45,4,False,crop,nLDE BM2,nLDE BM2
HIQ3,0.2984590530395508,65,4,False,nlde,nLDE BM2,nLDE BM2
HIQ4,1.8285388946533203,469,170,False,crop,nLDE BM2,nLDE BM2
HIQ4,1.7326459884643555,469,170,False,nlde,nLDE BM2,nLDE BM2
HIQ5,0.5846540927886963,193,138,False,crop,nLDE BM2,nLDE BM2
HIQ5,0.5747499465942383,209,138,False,nlde,nLDE BM2,nLDE BM2
LSQ1,0.41413307189941406,43,4,False,crop,nLDE BM2,nLDE BM2
LSQ1,0.4172959327697754,32,4,False,nlde,nLDE BM2,nLDE BM2
LSQ2,0.5204720497131348,52,6,False,crop,nLDE BM2,nLDE BM2
LSQ2,0.31014204025268555,52,6,False,nlde,nLDE BM2,nLDE BM2
LSQ3,0.33360791206359863,36,7,False,crop,nLDE BM2,nLDE BM2
LSQ3,0.6570680141448975,88,7,False,nlde,nLDE BM2,nLDE BM2
LSQ4,0.49127197265625,53,8,False,crop,nLDE BM2,nLDE BM2
LSQ4,0.29282593727111816,28,8,False,nlde,nLDE BM2,nLDE BM2
LSQ5,0.6809079647064209,117,270,False,crop,nLDE BM2,nLDE BM2
LSQ5,0.6594641208648682,117,270,False,nlde,nLDE BM2,nLDE BM2
MOQ1,8.866014003753662,2095,15,False,crop,nLDE BM2,nLDE BM2
MOQ1,26.80669116973877,1881,15,False,nlde,nLDE BM2,nLDE BM2
MOQ2,0.5515780448913574,127,46,False,crop,nLDE BM2,nLDE BM2
MOQ2,0.5593829154968262,138,46,False,nlde,nLDE BM2,nLDE BM2
MOQ3,0.42612218856811523,110,49,False,crop,nLDE BM2,nLDE BM2
MOQ3,0.4177069664001465,110,49,False,nlde,nLDE BM2,nLDE BM2
MOQ4,0.49019598960876465,110,56,False,crop,nLDE BM2,nLDE BM2
MOQ4,0.3790149688720703,110,56,False,nlde,nLDE BM2,nLDE BM2
MOQ5,0.44228601455688477,110,87,False,crop,nLDE BM2,nLDE BM2
MOQ5,0.4091830253601074,110,87,False,nlde,nLDE BM2,nLDE BM2
MUQ1,0.5641829967498779,64,7,False,crop,nLDE BM2,nLDE BM2
MUQ1,0.6215829849243164,64,7,False,nlde,nLDE BM2,nLDE BM2
MUQ2,0.6968581676483154,69,63,False,crop,nLDE BM2,nLDE BM2
MUQ2,0.5441100597381592,72,63,False,nlde,nLDE BM2,nLDE BM2
MUQ3,1.0810070037841797,169,68,False,crop,nLDE BM2,nLDE BM2
MUQ3,1.0749590396881104,169,68,False,nlde,nLDE BM2,nLDE BM2
MUQ4,1.0891849994659424,235,114,False,crop,nLDE BM2,nLDE BM2
MUQ4,1.100106954574585,273,114,False,nlde,nLDE BM2,nLDE BM2
MUQ5,22.960801124572754,5070,1768,False,crop,nLDE BM2,nLDE BM2
MUQ5,22.73666286468506,2765,1768,False,nlde,nLDE BM2,nLDE BM2
Q01,0.31661009788513184,33,2,False,crop,nLDE BM1,nLDE BM1
Q01,0.44985008239746094,71,2,False,nlde,nLDE BM1,nLDE BM1
Q02,3.4293220043182373,324,8,False,crop,nLDE BM1,nLDE BM1
Q02,0.4277818202972412,69,8,False,nlde,nLDE BM1,nLDE BM1
Q03,0.9074242115020752,257,18,False,crop,nLDE BM1,nLDE BM1
Q03,0.8416249752044678,198,18,False,nlde,nLDE BM1,nLDE BM1
Q04,0.5423531532287598,119,54,False,crop,nLDE BM1,nLDE BM1
Q04,0.7979669570922852,148,54,False,nlde,nLDE BM1,nLDE BM1
Q05,166.1386730670929,7327,1091,False,crop,nLDE BM1,nLDE BM1
Q05,600.0,19406,185,True,nlde,nLDE BM1,nLDE BM1
Q06,1.8490610122680664,440,188,False,crop,nLDE BM1,nLDE BM1
Q06,4.015233039855957,915,188,False,nlde,nLDE BM1,nLDE BM1
Q07,1.6023948192596436,358,251,False,crop,nLDE BM1,nLDE BM1
Q07,0.9018559455871582,375,251,False,nlde,nLDE BM1,nLDE BM1
Q08,23.949453830718994,8465,17807,False,crop,nLDE BM1,nLDE BM1
Q08,600.0,51926,645,True,nlde,nLDE BM1,nLDE BM1
Q09,1.7205607891082764,239,5223,False,crop,nLDE BM1,nLDE BM1
Q09,0.8886308670043945,170,5223,False,nlde,nLDE BM1,nLDE BM1
Q10,20.058238983154297,4209,9040,False,crop,nLDE BM1,nLDE BM1
Q10,21.19601321220398,2940,9040,False,nlde,nLDE BM1,nLDE BM1
Q11,422.0279121398926,73725,9481,False,crop,nLDE BM1,nLDE BM1
Q11,600.0,30224,4908,True,nlde,nLDE BM1,nLDE BM1
Q12,13.87573790550232,1067,11002,False,crop,nLDE BM1,nLDE BM1
Q12,14.424554824829102,2411,11002,False,nlde,nLDE BM1,nLDE BM1
Q13,600.0,55100,6988,True,crop,nLDE BM1,nLDE BM1
Q13,169.6200351715088,7182,24325,False,nlde,nLDE BM1,nLDE BM1
Q14,56.124696016311646,13476,26570,False,crop,nLDE BM1,nLDE BM1
Q14,175.39861607551575,33520,26570,False,nlde,nLDE BM1,nLDE BM1
Q15,21.87521195411682,1017,26757,False,crop,nLDE BM1,nLDE BM1
Q15,13.436052083969116,1017,26757,False,nlde,nLDE BM1,nLDE BM1
Q16,600.0,16889,16656,True,crop,nLDE BM1,nLDE BM1
Q16,452.7684381008148,5472,30589,False,nlde,nLDE BM1,nLDE BM1
Q17,16.035796880722046,1693,33485,False,crop,nLDE BM1,nLDE BM1
Q17,13.070497035980225,361,33485,False,nlde,nLDE BM1,nLDE BM1
Q18,600.0,4411,2179737,True,crop,nLDE BM1,nLDE BM1
Q18,600.0,8368,6506130,True,nlde,nLDE BM1,nLDE BM1
Q19,12.010647058486938,2048,64,False,crop,nLDE BM1,nLDE BM1
Q19,48.648064851760864,1753,64,False,nlde,nLDE BM1,nLDE BM1
Q20,12.142282009124756,2254,1688,False,crop,nLDE BM1,nLDE BM1
Q20,48.3044490814209,1959,1688,False,nlde,nLDE BM1,nLDE BM1
SPQ1,0.1710209846496582,9,4,False,crop,nLDE BM2,nLDE BM2
SPQ1,0.15069293975830078,9,4,False,nlde,nLDE BM2,nLDE BM2
SPQ2,0.39252686500549316,65,12,False,crop,nLDE BM2,nLDE BM2
SPQ2,0.37198615074157715,88,12,False,nlde,nLDE BM2,nLDE BM2
SPQ3,0.38692212104797363,50,14,False,crop,nLDE BM2,nLDE BM2
SPQ3,0.34030795097351074,50,14,False,nlde,nLDE BM2,nLDE BM2
SPQ4,0.10800600051879883,11,19,False,crop,nLDE BM2,nLDE BM2
SPQ4,0.2123417854309082,27,19,False,nlde,nLDE BM2,nLDE BM2
SPQ5,0.3841381072998047,26,36,False,crop,nLDE BM2,nLDE BM2
SPQ5,0.3266780376434326,50,36,False,nlde,nLDE BM2,nLDE BM2
HIQ1,0.3626542091369629,20,2,False,crop,nLDE BM2,nLDE BM2
HIQ1,0.1860361099243164,22,2,False,nlde,nLDE BM2,nLDE BM2
HIQ2,0.38939499855041504,36,2,False,crop,nLDE BM2,nLDE BM2
HIQ2,0.2533760070800781,46,2,False,nlde,nLDE BM2,nLDE BM2
HIQ3,0.3736569881439209,45,4,False,crop,nLDE BM2,nLDE BM2
HIQ3,0.2971501350402832,65,4,False,nlde,nLDE BM2,nLDE BM2
HIQ4,1.8251149654388428,469,170,False,crop,nLDE BM2,nLDE BM2
HIQ4,1.7192070484161377,469,170,False,nlde,nLDE BM2,nLDE BM2
HIQ5,0.6493940353393555,193,138,False,crop,nLDE BM2,nLDE BM2
HIQ5,0.6476199626922607,209,138,False,nlde,nLDE BM2,nLDE BM2
LSQ1,0.4049489498138428,43,4,False,crop,nLDE BM2,nLDE BM2
LSQ1,0.4084131717681885,32,4,False,nlde,nLDE BM2,nLDE BM2
LSQ2,0.4630088806152344,52,6,False,crop,nLDE BM2,nLDE BM2
LSQ2,0.39083099365234375,52,6,False,nlde,nLDE BM2,nLDE BM2
LSQ3,0.29049205780029297,36,7,False,crop,nLDE BM2,nLDE BM2
LSQ3,0.6641490459442139,88,7,False,nlde,nLDE BM2,nLDE BM2
LSQ4,0.5617609024047852,53,8,False,crop,nLDE BM2,nLDE BM2
LSQ4,0.2549149990081787,28,8,False,nlde,nLDE BM2,nLDE BM2
LSQ5,0.754288911819458,117,270,False,crop,nLDE BM2,nLDE BM2
LSQ5,0.6699011325836182,117,270,False,nlde,nLDE BM2,nLDE BM2
MOQ1,9.275686025619507,2095,15,False,crop,nLDE BM2,nLDE BM2
MOQ1,26.635061979293823,1881,15,False,nlde,nLDE BM2,nLDE BM2
MOQ2,0.5836977958679199,127,46,False,crop,nLDE BM2,nLDE BM2
MOQ2,0.5520360469818115,138,46,False,nlde,nLDE BM2,nLDE BM2
MOQ3,0.45246410369873047,110,49,False,crop,nLDE BM2,nLDE BM2
MOQ3,0.4099729061126709,110,49,False,nlde,nLDE BM2,nLDE BM2
MOQ4,0.46577906608581543,110,56,False,crop,nLDE BM2,nLDE BM2
MOQ4,0.4048922061920166,110,56,False,nlde,nLDE BM2,nLDE BM2
MOQ5,0.4649381637573242,110,87,False,crop,nLDE BM2,nLDE BM2
MOQ5,0.42160987854003906,110,87,False,nlde,nLDE BM2,nLDE BM2
MUQ1,0.5779039859771729,64,7,False,crop,nLDE BM2,nLDE BM2
MUQ1,0.5733170509338379,64,7,False,nlde,nLDE BM2,nLDE BM2
MUQ2,0.7125089168548584,69,63,False,crop,nLDE BM2,nLDE BM2
MUQ2,0.5976378917694092,72,63,False,nlde,nLDE BM2,nLDE BM2
MUQ3,1.0809681415557861,169,68,False,crop,nLDE BM2,nLDE BM2
MUQ3,0.987929105758667,169,68,False,nlde,nLDE BM2,nLDE BM2
MUQ4,1.088243007659912,235,114,False,crop,nLDE BM2,nLDE BM2
MUQ4,1.1523559093475342,273,114,False,nlde,nLDE BM2,nLDE BM2
MUQ5,23.0749409198761,5070,1768,False,crop,nLDE BM2,nLDE BM2
MUQ5,23.205102920532227,2765,1768,False,nlde,nLDE BM2,nLDE BM2
Q01,0.3241431713104248,33,2,False,crop,nLDE BM1,nLDE BM1
Q01,0.44734787940979004,71,2,False,nlde,nLDE BM1,nLDE BM1
Q02,3.3645570278167725,324,8,False,crop,nLDE BM1,nLDE BM1
Q02,0.43707799911499023,69,8,False,nlde,nLDE BM1,nLDE BM1
Q03,0.8740308284759521,257,18,False,crop,nLDE BM1,nLDE BM1
Q03,0.8405108451843262,198,18,False,nlde,nLDE BM1,nLDE BM1
Q04,0.46373987197875977,119,54,False,crop,nLDE BM1,nLDE BM1
Q04,0.7738370895385742,148,54,False,nlde,nLDE BM1,nLDE BM1
Q05,164.0310890674591,7327,1091,False,crop,nLDE BM1,nLDE BM1
Q05,600.0,19406,185,True,nlde,nLDE BM1,nLDE BM1
Q06,1.836573839187622,440,188,False,crop,nLDE BM1,nLDE BM1
Q06,4.046925067901611,915,188,False,nlde,nLDE BM1,nLDE BM1
Q07,1.4167659282684326,358,251,False,crop,nLDE BM1,nLDE BM1
Q07,1.0100319385528564,375,251,False,nlde,nLDE BM1,nLDE BM1
Q08,24.06964898109436,8465,17807,False,crop,nLDE BM1,nLDE BM1
Q08,600.0,51692,645,True,nlde,nLDE BM1,nLDE BM1
Q09,1.6839039325714111,239,5223,False,crop,nLDE BM1,nLDE BM1
Q09,0.9022831916809082,170,5223,False,nlde,nLDE BM1,nLDE BM1
Q10,20.172900915145874,4209,9040,False,crop,nLDE BM1,nLDE BM1
Q10,21.181657075881958,2940,9040,False,nlde,nLDE BM1,nLDE BM1
Q11,423.71207189559937,73725,9481,False,crop,nLDE BM1,nLDE BM1
Q11,600.0,30224,4908,True,nlde,nLDE BM1,nLDE BM1
Q12,14.39084005355835,1067,11002,False,crop,nLDE BM1,nLDE BM1
Q12,14.439852952957153,2411,11002,False,nlde,nLDE BM1,nLDE BM1
Q13,600.0,55100,6977,True,crop,nLDE BM1,nLDE BM1
Q13,168.37915515899658,7182,24325,False,nlde,nLDE BM1,nLDE BM1
Q14,56.20805096626282,13476,26570,False,crop,nLDE BM1,nLDE BM1
Q14,176.39562702178955,33520,26570,False,nlde,nLDE BM1,nLDE BM1
Q15,14.17664909362793,1017,26757,False,crop,nLDE BM1,nLDE BM1
Q15,10.479285955429077,1017,26757,False,nlde,nLDE BM1,nLDE BM1
Q16,600.0,16887,16479,True,crop,nLDE BM1,nLDE BM1
Q16,444.1639029979706,5472,30589,False,nlde,nLDE BM1,nLDE BM1
Q17,14.846966028213501,1693,33485,False,crop,nLDE BM1,nLDE BM1
Q17,11.612051963806152,361,33485,False,nlde,nLDE BM1,nLDE BM1
Q18,600.0,5081,1976545,True,crop,nLDE BM1,nLDE BM1
Q18,600.0,8368,6440898,True,nlde,nLDE BM1,nLDE BM1
Q19,12.069315910339355,2048,64,False,crop,nLDE BM1,nLDE BM1
Q19,48.28649091720581,1753,64,False,nlde,nLDE BM1,nLDE BM1
Q20,12.215651988983154,2254,1688,False,crop,nLDE BM1,nLDE BM1
Q20,49.25048494338989,1959,1688,False,nlde,nLDE BM1,nLDE BM1
SPQ1,0.16153812408447266,9,4,False,crop,nLDE BM2,nLDE BM2
SPQ1,0.14542603492736816,9,4,False,nlde,nLDE BM2,nLDE BM2
SPQ2,0.4914851188659668,65,12,False,crop,nLDE BM2,nLDE BM2
SPQ2,0.3900120258331299,88,12,False,nlde,nLDE BM2,nLDE BM2
SPQ3,0.34537291526794434,50,14,False,crop,nLDE BM2,nLDE BM2
SPQ3,0.3549981117248535,50,14,False,nlde,nLDE BM2,nLDE BM2
SPQ4,0.12306404113769531,11,19,False,crop,nLDE BM2,nLDE BM2
SPQ4,0.20934391021728516,27,19,False,nlde,nLDE BM2,nLDE BM2
SPQ5,0.2722940444946289,26,36,False,crop,nLDE BM2,nLDE BM2
SPQ5,0.34580302238464355,50,36,False,nlde,nLDE BM2,nLDE BM2
F11,3.228,291,0,False,comunica,WatDiv,WatDiv
F12,3.827,346,9,False,comunica,WatDiv,WatDiv
F13,3.651,345,5,False,comunica,WatDiv,WatDiv
F14,3.69,345,4,False,comunica,WatDiv,WatDiv
F15,3.962,346,9,False,comunica,WatDiv,WatDiv
F21,1.639,98,0,False,comunica,WatDiv,WatDiv
F22,1.531,117,0,False,comunica,WatDiv,WatDiv
F23,5.717,1323,7,False,comunica,WatDiv,WatDiv
F24,3.653,601,8,False,comunica,WatDiv,WatDiv
F25,6.191,1323,7,False,comunica,WatDiv,WatDiv
F31,1.924,236,26,False,comunica,WatDiv,WatDiv
F32,2.479,404,5,False,comunica,WatDiv,WatDiv
F33,1.99,236,26,False,comunica,WatDiv,WatDiv
F34,2.623,404,5,False,comunica,WatDiv,WatDiv
F35,2.624,454,5,False,comunica,WatDiv,WatDiv
F41,5.245,1071,20,False,comunica,WatDiv,WatDiv
F42,4.641,980,44,False,comunica,WatDiv,WatDiv
F43,4.954,992,4,False,comunica,WatDiv,WatDiv
F44,4.58,980,44,False,comunica,WatDiv,WatDiv
F45,5.011,992,4,False,comunica,WatDiv,WatDiv
F51,2.088,244,25,False,comunica,WatDiv,WatDiv
F52,2.147,244,25,False,comunica,WatDiv,WatDiv
F53,2.685,399,38,False,comunica,WatDiv,WatDiv
F54,3.341,565,58,False,comunica,WatDiv,WatDiv
F55,2.011,244,25,False,comunica,WatDiv,WatDiv
L11,1.32,82,2,False,comunica,WatDiv,WatDiv
L12,1.126,35,0,False,comunica,WatDiv,WatDiv
L13,1.288,82,2,False,comunica,WatDiv,WatDiv
L14,1.132,35,0,False,comunica,WatDiv,WatDiv
L15,1.244,46,1,False,comunica,WatDiv,WatDiv
L21,1.761,252,15,False,comunica,WatDiv,WatDiv
L22,1.753,252,15,False,comunica,WatDiv,WatDiv
L23,4.58,1338,48,False,comunica,WatDiv,WatDiv
L24,4.682,1338,48,False,comunica,WatDiv,WatDiv
L25,10.692,4283,236,False,comunica,WatDiv,WatDiv
L31,1.2,38,38,False,comunica,WatDiv,WatDiv
L32,1.036,22,41,False,comunica,WatDiv,WatDiv
L33,1.089,30,21,False,comunica,WatDiv,WatDiv
L34,1.101,33,27,False,comunica,WatDiv,WatDiv
L35,1.106,22,41,False,comunica,WatDiv,WatDiv
L41,2.633,564,54,False,comunica,WatDiv,WatDiv
L42,2.763,614,60,False,comunica,WatDiv,WatDiv
L43,2.79,562,47,False,comunica,WatDiv,WatDiv
L44,2.762,587,57,False,comunica,WatDiv,WatDiv
L45,2.697,562,47,False,comunica,WatDiv,WatDiv
L51,11.72,4843,239,False,comunica,WatDiv,WatDiv
L52,3.945,1081,66,False,comunica,WatDiv,WatDiv
L53,11.954,4843,239,False,comunica,WatDiv,WatDiv
L54,3.843,1081,66,False,comunica,WatDiv,WatDiv
L55,5.555,1814,76,False,comunica,WatDiv,WatDiv
S11,2.772,639,19,False,comunica,WatDiv,WatDiv
S12,2.269,361,9,False,comunica,WatDiv,WatDiv
S13,2.628,519,9,False,comunica,WatDiv,WatDiv
S14,2.215,361,9,False,comunica,WatDiv,WatDiv
S15,2.519,519,9,False,comunica,WatDiv,WatDiv
S21,2.327,403,11,False,comunica,WatDiv,WatDiv
S22,2.965,604,14,False,comunica,WatDiv,WatDiv
S23,2.214,373,12,False,comunica,WatDiv,WatDiv
S24,2.193,378,17,False,comunica,WatDiv,WatDiv
S25,2.365,403,11,False,comunica,WatDiv,WatDiv
S31,4.982,1350,0,False,comunica,WatDiv,WatDiv
S32,5.016,1350,0,False,comunica,WatDiv,WatDiv
S33,8.406,2820,320,False,comunica,WatDiv,WatDiv
S34,5.062,1350,0,False,comunica,WatDiv,WatDiv
S35,5.041,1350,0,False,comunica,WatDiv,WatDiv
S41,6.223,2049,0,False,comunica,WatDiv,WatDiv
S42,4.92,824,4,False,comunica,WatDiv,WatDiv
S43,4.121,757,1,False,comunica,WatDiv,WatDiv
S44,4.395,817,1,False,comunica,WatDiv,WatDiv
S45,4.147,755,0,False,comunica,WatDiv,WatDiv
S51,5.558,1509,0,False,comunica,WatDiv,WatDiv
S52,5.722,1590,9,False,comunica,WatDiv,WatDiv
S53,5.391,1509,0,False,comunica,WatDiv,WatDiv
S54,5.8,1590,9,False,comunica,WatDiv,WatDiv
S55,5.518,1590,9,False,comunica,WatDiv,WatDiv
S61,1.279,55,1,False,comunica,WatDiv,WatDiv
S62,1.216,55,1,False,comunica,WatDiv,WatDiv
S63,1.124,35,2,False,comunica,WatDiv,WatDiv
S64,1.325,55,1,False,comunica,WatDiv,WatDiv
S65,1.168,35,2,False,comunica,WatDiv,WatDiv
S71,1.103,24,5,False,comunica,WatDiv,WatDiv
S72,1.083,28,2,False,comunica,WatDiv,WatDiv
S73,0.98,10,1,False,comunica,WatDiv,WatDiv
S74,1.179,50,13,False,comunica,WatDiv,WatDiv
S75,1.2,42,7,False,comunica,WatDiv,WatDiv
C11,20.109,5664,20,False,comunica,WatDiv,WatDiv
C21,46.856,10667,2,False,comunica,WatDiv,WatDiv
C31,262.169,57828,417029,False,comunica,WatDiv,WatDiv
F11,3.384,291,0,False,comunica,WatDiv,WatDiv
F12,3.724,346,9,False,comunica,WatDiv,WatDiv
F13,3.718,345,5,False,comunica,WatDiv,WatDiv
F14,3.921,345,4,False,comunica,WatDiv,WatDiv
F15,4.085,346,9,False,comunica,WatDiv,WatDiv
F21,1.403,98,0,False,comunica,WatDiv,WatDiv
F22,1.551,117,0,False,comunica,WatDiv,WatDiv
F23,5.715,1323,7,False,comunica,WatDiv,WatDiv
F24,3.698,601,8,False,comunica,WatDiv,WatDiv
F25,5.842,1323,7,False,comunica,WatDiv,WatDiv
F31,1.851,236,26,False,comunica,WatDiv,WatDiv
F32,2.48,404,5,False,comunica,WatDiv,WatDiv
F33,1.878,236,26,False,comunica,WatDiv,WatDiv
F34,2.558,404,5,False,comunica,WatDiv,WatDiv
F35,2.77,454,5,False,comunica,WatDiv,WatDiv
F41,4.905,1071,20,False,comunica,WatDiv,WatDiv
F42,4.445,980,44,False,comunica,WatDiv,WatDiv
F43,4.514,992,4,False,comunica,WatDiv,WatDiv
F44,4.745,980,44,False,comunica,WatDiv,WatDiv
F45,4.696,992,4,False,comunica,WatDiv,WatDiv
F51,2.052,244,25,False,comunica,WatDiv,WatDiv
F52,2.106,244,25,False,comunica,WatDiv,WatDiv
F53,2.575,399,38,False,comunica,WatDiv,WatDiv
F54,3.307,565,58,False,comunica,WatDiv,WatDiv
F55,2.087,244,25,False,comunica,WatDiv,WatDiv
L11,1.436,82,2,False,comunica,WatDiv,WatDiv
L12,1.208,35,0,False,comunica,WatDiv,WatDiv
L13,1.518,82,2,False,comunica,WatDiv,WatDiv
L14,1.172,35,0,False,comunica,WatDiv,WatDiv
L15,1.259,46,1,False,comunica,WatDiv,WatDiv
L21,1.821,252,15,False,comunica,WatDiv,WatDiv
L22,1.772,252,15,False,comunica,WatDiv,WatDiv
L23,4.367,1338,48,False,comunica,WatDiv,WatDiv
L24,4.398,1338,48,False,comunica,WatDiv,WatDiv
L25,10.379,4283,236,False,comunica,WatDiv,WatDiv
L31,1.225,38,38,False,comunica,WatDiv,WatDiv
L32,1.191,22,41,False,comunica,WatDiv,WatDiv
L33,1.085,30,21,False,comunica,WatDiv,WatDiv
L34,1.154,33,27,False,comunica,WatDiv,WatDiv
L35,1.081,22,41,False,comunica,WatDiv,WatDiv
L41,2.664,564,54,False,comunica,WatDiv,WatDiv
L42,2.831,614,60,False,comunica,WatDiv,WatDiv
L43,2.656,562,47,False,comunica,WatDiv,WatDiv
L44,2.795,587,57,False,comunica,WatDiv,WatDiv
L45,2.652,562,47,False,comunica,WatDiv,WatDiv
L51,12.187,4843,239,False,comunica,WatDiv,WatDiv
L52,3.933,1081,66,False,comunica,WatDiv,WatDiv
L53,11.736,4843,239,False,comunica,WatDiv,WatDiv
L54,4.165,1081,66,False,comunica,WatDiv,WatDiv
L55,5.609,1814,76,False,comunica,WatDiv,WatDiv
S11,2.997,639,19,False,comunica,WatDiv,WatDiv
S12,2.151,361,9,False,comunica,WatDiv,WatDiv
S13,2.652,519,9,False,comunica,WatDiv,WatDiv
S14,2.286,361,9,False,comunica,WatDiv,WatDiv
S15,2.682,519,9,False,comunica,WatDiv,WatDiv
S21,2.576,403,11,False,comunica,WatDiv,WatDiv
S22,2.981,604,14,False,comunica,WatDiv,WatDiv
S23,2.266,373,12,False,comunica,WatDiv,WatDiv
S24,2.416,378,17,False,comunica,WatDiv,WatDiv
S25,2.434,403,11,False,comunica,WatDiv,WatDiv
S31,5.12,1350,0,False,comunica,WatDiv,WatDiv
S32,4.98,1350,0,False,comunica,WatDiv,WatDiv
S33,8.29,2820,320,False,comunica,WatDiv,WatDiv
S34,5.238,1350,0,False,comunica,WatDiv,WatDiv
S35,5.16,1350,0,False,comunica,WatDiv,WatDiv
S41,6.382,2049,0,False,comunica,WatDiv,WatDiv
S42,4.426,824,4,False,comunica,WatDiv,WatDiv
S43,4.25,757,1,False,comunica,WatDiv,WatDiv
S44,4.389,817,1,False,comunica,WatDiv,WatDiv
S45,4.192,755,0,False,comunica,WatDiv,WatDiv
S51,5.786,1509,0,False,comunica,WatDiv,WatDiv
S52,5.443,1590,9,False,comunica,WatDiv,WatDiv
S53,5.289,1509,0,False,comunica,WatDiv,WatDiv
S54,5.823,1590,9,False,comunica,WatDiv,WatDiv
S55,5.997,1590,9,False,comunica,WatDiv,WatDiv
S61,1.226,55,1,False,comunica,WatDiv,WatDiv
S62,1.262,55,1,False,comunica,WatDiv,WatDiv
S63,1.119,35,2,False,comunica,WatDiv,WatDiv
S64,1.182,55,1,False,comunica,WatDiv,WatDiv
S65,1.274,35,2,False,comunica,WatDiv,WatDiv
S71,1.083,24,5,False,comunica,WatDiv,WatDiv
S72,1.069,28,2,False,comunica,WatDiv,WatDiv
S73,1.051,10,1,False,comunica,WatDiv,WatDiv
S74,1.231,50,13,False,comunica,WatDiv,WatDiv
S75,1.168,42,7,False,comunica,WatDiv,WatDiv
C11,19.651,5664,20,False,comunica,WatDiv,WatDiv
C21,48.081,10667,2,False,comunica,WatDiv,WatDiv
C31,261.255,57828,417029,False,comunica,WatDiv,WatDiv
F11,3.194,291,0,False,comunica,WatDiv,WatDiv
F12,3.683,346,9,False,comunica,WatDiv,WatDiv
F13,3.619,345,5,False,comunica,WatDiv,WatDiv
F14,3.836,345,4,False,comunica,WatDiv,WatDiv
F15,3.901,346,9,False,comunica,WatDiv,WatDiv
F21,1.468,98,0,False,comunica,WatDiv,WatDiv
F22,1.532,117,0,False,comunica,WatDiv,WatDiv
F23,5.279,1323,7,False,comunica,WatDiv,WatDiv
F24,3.198,601,8,False,comunica,WatDiv,WatDiv
F25,6.038,1323,7,False,comunica,WatDiv,WatDiv
F31,2.047,236,26,False,comunica,WatDiv,WatDiv
F32,2.65,404,5,False,comunica,WatDiv,WatDiv
F33,1.936,236,26,False,comunica,WatDiv,WatDiv
F34,2.589,404,5,False,comunica,WatDiv,WatDiv
F35,2.792,454,5,False,comunica,WatDiv,WatDiv
F41,5.028,1071,20,False,comunica,WatDiv,WatDiv
F42,4.55,980,44,False,comunica,WatDiv,WatDiv
F43,4.5,992,4,False,comunica,WatDiv,WatDiv
F44,4.677,980,44,False,comunica,WatDiv,WatDiv
F45,4.509,992,4,False,comunica,WatDiv,WatDiv
F51,2.086,244,25,False,comunica,WatDiv,WatDiv
F52,2.002,244,25,False,comunica,WatDiv,WatDiv
F53,2.608,399,38,False,comunica,WatDiv,WatDiv
F54,3.35,565,58,False,comunica,WatDiv,WatDiv
F55,2.136,244,25,False,comunica,WatDiv,WatDiv
L11,1.426,82,2,False,comunica,WatDiv,WatDiv
L12,1.266,35,0,False,comunica,WatDiv,WatDiv
L13,1.323,82,2,False,comunica,WatDiv,WatDiv
L14,1.309,35,0,False,comunica,WatDiv,WatDiv
L15,1.197,46,1,False,comunica,WatDiv,WatDiv
L21,1.771,252,15,False,comunica,WatDiv,WatDiv
L22,1.774,252,15,False,comunica,WatDiv,WatDiv
L23,4.586,1338,48,False,comunica,WatDiv,WatDiv
L24,4.531,1338,48,False,comunica,WatDiv,WatDiv
L25,10.673,4283,236,False,comunica,WatDiv,WatDiv
L31,1.314,38,38,False,comunica,WatDiv,WatDiv
L32,1.022,22,41,False,comunica,WatDiv,WatDiv
L33,1.101,30,21,False,comunica,WatDiv,WatDiv
L34,1.34,33,27,False,comunica,WatDiv,WatDiv
L35,1.202,22,41,False,comunica,WatDiv,WatDiv
L41,2.658,564,54,False,comunica,WatDiv,WatDiv
L42,2.718,614,60,False,comunica,WatDiv,WatDiv
L43,2.69,562,47,False,comunica,WatDiv,WatDiv
L44,2.648,587,57,False,comunica,WatDiv,WatDiv
L45,2.598,562,47,False,comunica,WatDiv,WatDiv
L51,11.73,4843,239,False,comunica,WatDiv,WatDiv
L52,3.918,1081,66,False,comunica,WatDiv,WatDiv
L53,11.931,4843,239,False,comunica,WatDiv,WatDiv
L54,3.739,1081,66,False,comunica,WatDiv,WatDiv
L55,5.485,1814,76,False,comunica,WatDiv,WatDiv
S11,2.887,639,19,False,comunica,WatDiv,WatDiv
S12,2.163,361,9,False,comunica,WatDiv,WatDiv
S13,2.755,519,9,False,comunica,WatDiv,WatDiv
S14,2.166,361,9,False,comunica,WatDiv,WatDiv
S15,2.729,519,9,False,comunica,WatDiv,WatDiv
S21,2.454,403,11,False,comunica,WatDiv,WatDiv
S22,3.071,604,14,False,comunica,WatDiv,WatDiv
S23,2.364,373,12,False,comunica,WatDiv,WatDiv
S24,2.475,378,17,False,comunica,WatDiv,WatDiv
S25,2.618,403,11,False,comunica,WatDiv,WatDiv
S31,5.059,1350,0,False,comunica,WatDiv,WatDiv
S32,4.729,1350,0,False,comunica,WatDiv,WatDiv
S33,8.445,2820,320,False,comunica,WatDiv,WatDiv
S34,5.237,1350,0,False,comunica,WatDiv,WatDiv
S35,4.948,1350,0,False,comunica,WatDiv,WatDiv
S41,6.101,2049,0,False,comunica,WatDiv,WatDiv
S42,4.346,824,4,False,comunica,WatDiv,WatDiv
S43,4.404,757,1,False,comunica,WatDiv,WatDiv
S44,4.687,817,1,False,comunica,WatDiv,WatDiv
S45,4.054,755,0,False,comunica,WatDiv,WatDiv
S51,5.389,1509,0,False,comunica,WatDiv,WatDiv
S52,5.622,1590,9,False,comunica,WatDiv,WatDiv
S53,5.569,1509,0,False,comunica,WatDiv,WatDiv
S54,5.65,1590,9,False,comunica,WatDiv,WatDiv
S55,5.654,1590,9,False,comunica,WatDiv,WatDiv
S61,1.254,55,1,False,comunica,WatDiv,WatDiv
S62,1.187,55,1,False,comunica,WatDiv,WatDiv
S63,1.088,35,2,False,comunica,WatDiv,WatDiv
S64,1.165,55,1,False,comunica,WatDiv,WatDiv
S65,1.195,35,2,False,comunica,WatDiv,WatDiv
S71,1.161,24,5,False,comunica,WatDiv,WatDiv
S72,1.127,28,2,False,comunica,WatDiv,WatDiv
S73,1.006,10,1,False,comunica,WatDiv,WatDiv
S74,1.182,50,13,False,comunica,WatDiv,WatDiv
S75,1.168,42,7,False,comunica,WatDiv,WatDiv
C11,19.167,5664,20,False,comunica,WatDiv,WatDiv
C21,47.542,10667,2,False,comunica,WatDiv,WatDiv
C31,256.765,57828,417029,False,comunica,WatDiv,WatDiv
HIQ1,1.139,22,2,False,comunica,nLDE BM2,nLDE BM2
HIQ2,2.128,306,2,False,comunica,nLDE BM2,nLDE BM2
HIQ3,2.101,335,3,False,comunica,nLDE BM2,nLDE BM2
HIQ4,3.934,728,170,False,comunica,nLDE BM2,nLDE BM2
HIQ5,1.895,209,138,False,comunica,nLDE BM2,nLDE BM2
LSQ1,2.063,287,4,False,comunica,nLDE BM2,nLDE BM2
LSQ2,1.251,61,6,False,comunica,nLDE BM2,nLDE BM2
LSQ3,2.843,401,7,False,comunica,nLDE BM2,nLDE BM2
LSQ4,1.258,68,8,False,comunica,nLDE BM2,nLDE BM2
LSQ5,4.989,710,270,False,comunica,nLDE BM2,nLDE BM2
MOQ1,39.16,2060,15,False,comunica,nLDE BM2,nLDE BM2
MOQ2,9.347,3441,2,False,comunica,nLDE BM2,nLDE BM2
MOQ3,4.968,1438,49,False,comunica,nLDE BM2,nLDE BM2
MOQ4,4.933,1438,56,False,comunica,nLDE BM2,nLDE BM2
MOQ5,5.054,1438,87,False,comunica,nLDE BM2,nLDE BM2
MUQ1,2.434,424,7,False,comunica,nLDE BM2,nLDE BM2
MUQ2,3.182,718,63,False,comunica,nLDE BM2,nLDE BM2
MUQ3,2.437,434,68,False,comunica,nLDE BM2,nLDE BM2
MUQ4,3.429,789,114,False,comunica,nLDE BM2,nLDE BM2
MUQ5,19.999,5876,1768,False,comunica,nLDE BM2,nLDE BM2
SPQ1,1.057,17,4,False,comunica,nLDE BM2,nLDE BM2
SPQ2,2.261,308,12,False,comunica,nLDE BM2,nLDE BM2
SPQ3,1.864,270,14,False,comunica,nLDE BM2,nLDE BM2
SPQ4,1.974,229,19,False,comunica,nLDE BM2,nLDE BM2
SPQ5,2.099,270,36,False,comunica,nLDE BM2,nLDE BM2
HIQ1,1.085,22,2,False,comunica,nLDE BM2,nLDE BM2
HIQ2,2.165,307,2,False,comunica,nLDE BM2,nLDE BM2
HIQ3,2.1,333,3,False,comunica,nLDE BM2,nLDE BM2
HIQ4,3.888,728,170,False,comunica,nLDE BM2,nLDE BM2
HIQ5,1.919,209,138,False,comunica,nLDE BM2,nLDE BM2
LSQ1,1.924,287,4,False,comunica,nLDE BM2,nLDE BM2
LSQ2,1.349,61,6,False,comunica,nLDE BM2,nLDE BM2
LSQ3,2.84,401,7,False,comunica,nLDE BM2,nLDE BM2
LSQ4,1.297,68,8,False,comunica,nLDE BM2,nLDE BM2
LSQ5,4.51,710,270,False,comunica,nLDE BM2,nLDE BM2
MOQ1,41.286,2060,15,False,comunica,nLDE BM2,nLDE BM2
MOQ2,9.554,3441,0,False,comunica,nLDE BM2,nLDE BM2
MOQ3,4.965,1438,49,False,comunica,nLDE BM2,nLDE BM2
MOQ4,4.882,1438,56,False,comunica,nLDE BM2,nLDE BM2
MOQ5,4.956,1438,87,False,comunica,nLDE BM2,nLDE BM2
MUQ1,2.392,424,7,False,comunica,nLDE BM2,nLDE BM2
MUQ2,3.264,718,63,False,comunica,nLDE BM2,nLDE BM2
MUQ3,2.491,434,68,False,comunica,nLDE BM2,nLDE BM2
MUQ4,3.535,789,114,False,comunica,nLDE BM2,nLDE BM2
MUQ5,20.746,5876,1768,False,comunica,nLDE BM2,nLDE BM2
SPQ1,1.047,17,4,False,comunica,nLDE BM2,nLDE BM2
SPQ2,2.157,308,12,False,comunica,nLDE BM2,nLDE BM2
SPQ3,1.922,270,14,False,comunica,nLDE BM2,nLDE BM2
SPQ4,1.795,229,19,False,comunica,nLDE BM2,nLDE BM2
SPQ5,1.92,270,36,False,comunica,nLDE BM2,nLDE BM2
HIQ1,1.189,22,2,False,comunica,nLDE BM2,nLDE BM2
HIQ2,2.206,307,2,False,comunica,nLDE BM2,nLDE BM2
HIQ3,2.228,337,3,False,comunica,nLDE BM2,nLDE BM2
HIQ4,3.877,728,170,False,comunica,nLDE BM2,nLDE BM2
HIQ5,1.959,209,138,False,comunica,nLDE BM2,nLDE BM2
LSQ1,1.969,287,4,False,comunica,nLDE BM2,nLDE BM2
LSQ2,1.378,61,6,False,comunica,nLDE BM2,nLDE BM2
LSQ3,2.91,401,7,False,comunica,nLDE BM2,nLDE BM2
LSQ4,1.274,68,8,False,comunica,nLDE BM2,nLDE BM2
LSQ5,4.67,710,270,False,comunica,nLDE BM2,nLDE BM2
MOQ1,38.276,2060,15,False,comunica,nLDE BM2,nLDE BM2
MOQ2,9.509,3441,2,False,comunica,nLDE BM2,nLDE BM2
MOQ3,5.03,1438,49,False,comunica,nLDE BM2,nLDE BM2
MOQ4,5.05,1438,56,False,comunica,nLDE BM2,nLDE BM2
MOQ5,4.847,1438,87,False,comunica,nLDE BM2,nLDE BM2
MUQ1,2.455,424,7,False,comunica,nLDE BM2,nLDE BM2
MUQ2,3.336,718,63,False,comunica,nLDE BM2,nLDE BM2
MUQ3,2.541,434,68,False,comunica,nLDE BM2,nLDE BM2
MUQ4,3.58,789,114,False,comunica,nLDE BM2,nLDE BM2
MUQ5,20.148,5876,1768,False,comunica,nLDE BM2,nLDE BM2
SPQ1,1.081,17,4,False,comunica,nLDE BM2,nLDE BM2
SPQ2,2.13,308,12,False,comunica,nLDE BM2,nLDE BM2
SPQ3,1.949,270,14,False,comunica,nLDE BM2,nLDE BM2
SPQ4,1.87,229,19,False,comunica,nLDE BM2,nLDE BM2
SPQ5,1.958,270,36,False,comunica,nLDE BM2,nLDE BM2
Q01,1.786,181,2,False,comunica,nLDE BM1,nLDE BM1
Q02,2.202,214,8,False,comunica,nLDE BM1,nLDE BM1
Q03,2.5,252,18,False,comunica,nLDE BM1,nLDE BM1
Q04,4.586,703,54,False,comunica,nLDE BM1,nLDE BM1
Q05,43.707,11626,1091,False,comunica,nLDE BM1,nLDE BM1
Q06,28.959,7611,188,False,comunica,nLDE BM1,nLDE BM1
Q07,33.523,2408,251,False,comunica,nLDE BM1,nLDE BM1
Q08,71.824,15043,17807,False,comunica,nLDE BM1,nLDE BM1
Q09,53.103,2298,5223,False,comunica,nLDE BM1,nLDE BM1
Q10,108.273,3149,9040,False,comunica,nLDE BM1,nLDE BM1
Q11,600.0,112075,7409,True,comunica,nLDE BM1,nLDE BM1
Q12,47.153,5433,11002,False,comunica,nLDE BM1,nLDE BM1
Q13,600.0,97368,15479,True,comunica,nLDE BM1,nLDE BM1
Q14,600.0,45639,23539,True,comunica,nLDE BM1,nLDE BM1
Q15,102.662,8435,26757,False,comunica,nLDE BM1,nLDE BM1
Q16,600.0,17639,9274,True,comunica,nLDE BM1,nLDE BM1
Q17,83.201,2509,33485,False,comunica,nLDE BM1,nLDE BM1
Q18,600.0,29554,258183,True,comunica,nLDE BM1,nLDE BM1
Q19,46.328,15590,64,False,comunica,nLDE BM1,nLDE BM1
Q20,52.042,15590,1688,False,comunica,nLDE BM1,nLDE BM1
Q01,1.79,181,2,False,comunica,nLDE BM1,nLDE BM1
Q02,2.254,214,8,False,comunica,nLDE BM1,nLDE BM1
Q03,2.388,252,18,False,comunica,nLDE BM1,nLDE BM1
Q04,4.595,703,54,False,comunica,nLDE BM1,nLDE BM1
Q05,43.47,11626,1091,False,comunica,nLDE BM1,nLDE BM1
Q06,28.516,7611,188,False,comunica,nLDE BM1,nLDE BM1
Q07,33.964,2408,251,False,comunica,nLDE BM1,nLDE BM1
Q08,69.942,15043,17807,False,comunica,nLDE BM1,nLDE BM1
Q09,53.413,2298,5223,False,comunica,nLDE BM1,nLDE BM1
Q10,108.242,3149,9040,False,comunica,nLDE BM1,nLDE BM1
Q11,600.0,110922,7383,True,comunica,nLDE BM1,nLDE BM1
Q12,48.674,5433,11002,False,comunica,nLDE BM1,nLDE BM1
Q13,600.0,97368,14511,True,comunica,nLDE BM1,nLDE BM1
Q14,600.0,46049,23961,True,comunica,nLDE BM1,nLDE BM1
Q15,101.484,8435,26757,False,comunica,nLDE BM1,nLDE BM1
Q16,600.0,17634,9270,True,comunica,nLDE BM1,nLDE BM1
Q17,82.079,2509,33485,False,comunica,nLDE BM1,nLDE BM1
Q18,600.0,29554,259937,True,comunica,nLDE BM1,nLDE BM1
Q19,48.366,15590,64,False,comunica,nLDE BM1,nLDE BM1
Q20,54.65,15590,1688,False,comunica,nLDE BM1,nLDE BM1
Q01,1.807,181,2,False,comunica,nLDE BM1,nLDE BM1
Q02,2.275,214,8,False,comunica,nLDE BM1,nLDE BM1
Q03,2.492,252,18,False,comunica,nLDE BM1,nLDE BM1
Q04,4.487,703,54,False,comunica,nLDE BM1,nLDE BM1
Q05,42.219,11626,1091,False,comunica,nLDE BM1,nLDE BM1
Q06,28.363,7611,188,False,comunica,nLDE BM1,nLDE BM1
Q07,34.478,2408,251,False,comunica,nLDE BM1,nLDE BM1
Q08,72.241,15043,17807,False,comunica,nLDE BM1,nLDE BM1
Q09,53.761,2298,5223,False,comunica,nLDE BM1,nLDE BM1
Q10,107.123,3149,9040,False,comunica,nLDE BM1,nLDE BM1
Q11,600.0,113043,7471,True,comunica,nLDE BM1,nLDE BM1
Q12,47.749,5433,11002,False,comunica,nLDE BM1,nLDE BM1
Q13,600.0,97368,15479,True,comunica,nLDE BM1,nLDE BM1
Q14,600.0,45449,23350,True,comunica,nLDE BM1,nLDE BM1
Q15,103.533,8435,26757,False,comunica,nLDE BM1,nLDE BM1
Q16,540.949,17463,8535,False,comunica,nLDE BM1,nLDE BM1
Q17,83.876,2509,33485,False,comunica,nLDE BM1,nLDE BM1
Q18,600.0,29553,259127,True,comunica,nLDE BM1,nLDE BM1
Q19,48.625,15590,64,False,comunica,nLDE BM1,nLDE BM1
Q20,53.543,15590,1688,False,comunica,nLDE BM1,nLDE BM1
